Name1;Name1@sample.com
Name2;Name2@sample.com
Name3;Name3@sample.com
Name4;Name4@sample.com
Name5;Name5@sample.com
Name6;Name6@sample.com
Name7;
Name8;
Name9;
Name10;
Name11;Name11@sample.com
Name12;Name12@sample.com
Name13;Name13@sample.com
Name14;Name14@yandex.by
Name15;Name15@yandex.by
Name16;Name16@yandex.by
Name17;Name17@yandex.by
Name18;Name18@yandex.by
Name19;Name19@yandex.by
Name20;Name20@yandex.by
Name21;Name21@yandex.by
Name22;Name22@yandex.by
Name23;Name23@yandex.by
Name24;Name24@yandex.by
Name25;Name25@yandex.by
Name26;Name26@yandex.ru
Name27;Name27@yandex.ru
Name28;Name28@yandex.ru
Name29;Name29@yandex.ru
Name30;Name30@yandex.ru
Name31;Name31@yandex.ru
Name32;Name32@yandex.ru
Name33;Name33@yandex.ru
Name34;Name34@yandex.ru
Name35;Name35@yandex.ru
Name36;Name36@yandex.ru
Name37;Name37@yandex.ru
Name38;Name38@yandex.ru
Name39;Name39@yandex.ru
Name40;Name40@sample.com
Name41;Name41@sample.com
Name42;Name42@sample.com
Name43;Name43@sample.com
Name44;Name44@sample.com
Name45;Name45@sample.com
Name46;Name46@sample.com
Name47;Name47@sample.com
Name48;Name48@sample.com
Name49;Name49@sample.com
Name50;Name50@mail.ru
Name51;Name51@mail.ru
Name52;Name52@mail.ru
Name53;Name53@mail.ru
Name54;Name54@mail.ru
Name55;Name55@mail.ru
Name56;Name56@mail.ru
Name57;Name57@mail.ru
Name58;Name58@mail.ru
Name59;Name59@mail.ru
Name60;Name60@mail.ru
Name61;Name61@sample.com
Name62;Name62@sample.com
Name63;Name63@sample.com
Name64;Name64@sample.com
Name65;Name65@sample.com
Name66;Name66@sample.com
Name67;Name67@sample.com
Name68;Name68@sample.com
Name69;Name69@sample.com
Name70;Name70@mail.ru
Name71;Name71@mail.ru
Name72;Name72@mail.ru
Name73;Name73@mail.ru
Name74;Name74@mail.ru
Name75;Name75@mail.ru
Name76;Name76@mail.ru
Name77;Name77@mail.ru
Name78;Name78@sample.com
Name79;Name79@sample.com
Name80;Name80@sample.com
Name81;Name81@sample.com
Name82;Name82@sample.com
Name83;Name83@bk.ru
Name84;Name84@bk.ru
Name85;Name85@bk.ru
Name86;Name86@bk.ru
Name87;Name87@bk.ru
Name88;Name88@sample.com
Name89;Name89@sample.com
Name90;Name90@sample.com
Name91;Name91@tut.by
Name92;Name92@tut.by
Name93;Name93@tut.by
Name94;Name94@tut.by
Name95;Name95@tut.by
Name96;Name96@tut.by
Name97;Name97@tut.by
Name98;Name98@tut.by
Name99;Name99@tut.by
Name100;Name100@tut.by
Name101;Name101@tut.by
Name102;Name102@tut.by
Name103;Name103@tut.by
Name104;Name104@tut.by
Name105;Name105@tut.by
Name106;Name106@tut.by
Name107;Name107@tut.by
Name108;Name108@tut.by
Name109;Name109@tut.by
Name110;
Name111;Name111@tut.by
Name112;Name112@tut.by
Name113;Name113@tut.by
Name114;Name114@tut.by
Name115;Name115@tut.by
Name116;Name116@tut.by
Name117;Name117@tut.by
Name118;Name118@tut.by
Name119;Name119@tut.by
Name120;Name120@tut.by
Name121;Name121@tut.by
Name122;Name122@tut.by
Name123;Name123@tut.by
Name124;Name124@tut.by
Name125;Name125@sample.com
Name126;Name126@sample.com
Name127;Name127@sample.com
Name128;Name128@gmail.com
Name129;Name129@gmail.com
Name130;Name130@gmail.com
Name131;Name131@gmail.com
Name132;Name132@gmail.com
Name133;Name133@gmail.com
Name134;Name134@gmail.com
Name135;Name135@gmail.com
Name136;Name136@gmail.com
Name137;Name137@gmail.com
Name138;Name138@gmail.com
Name139;Name139@gmail.com
Name140;Name140@gmail.com
Name141;Name141@gmail.com
Name142;Name142@gmail.com
Name143;Name143@gmail.com
Name144;Name144@gmail.com
Name145;Name145@gmail.com
Name146;Name146@gmail.com
Name147;Name147@gmail.com
Name148;Name148@gmail.com
Name149;Name149@gmail.com
Name150;Name150@gmail.com
Name151;Name151@gmail.com
Name152;Name152@gmail.com
Name153;Name153@gmail.com
Name154;Name154@gmail.com
Name155;Name155@gmail.com
Name156;Name156@gmail.com
Name157;Name157@gmail.com
Name158;Name158@gmail.com
Name159;Name159@gmail.com
Name160;Name160@gmail.com
Name161;Name161@gmail.com
Name162;Name162@gmail.com
Name163;Name163@gmail.com
Name164;Name164@gmail.com
Name165;Name165@gmail.com
Name166;Name166@gmail.com
Name167;Name167@gmail.com
Name168;Name168@gmail.com
Name169;Name169@gmail.com
Name170;Name170@gmail.com
Name171;Name171@gmail.com
Name172;Name172@sample.com
Name173;Name173@sample.com
Name174;Name174@sample.com
Name175;Name175@list.ru
Name176;Name176@sample.com
Name177;Name177@sample.com
Name178;Name178@sample.com
Name179;Name179@sample.com
Name180;Name180@sample.com
Name181;Name181@sample.com
Name182;Name182@sample.com
Name183;Name183@sample.com
Name184;Name184@sample.com
Name185;Name185@sample.com
Name186;Name186@sample.com
Name187;Name187@sample.com
Name188;Name188@sample.com
Name189;Name189@sample.com
Name190;Name190@sample.com
Name191;Name191@sample.com
Name192;
Name193;Name193@sample.com
Name194;Name194@sample.com
Name195;Name195@sample.com
Name196;Name196@sample.com
Name197;Name197@sample.com
Name198;Name198@sample.com
Name199;Name199@sample.com
Name200;Name200@sample.com
